{"epoch":1,"train/loss":3.93278808835953,"_wandb":{"runtime":884},"train/acc":0.020317460317460317,"_runtime":884,"_timestamp":1.770711725627324e+09,"lr":0,"_step":0,"val/acc":0.04165784832451499,"val/loss":3.7482919998942648}