{"train/acc":0.9936507936507937,"val/loss":0.19964707532414683,"epoch":100,"train/loss":0.053665402938449194,"_wandb":{"runtime":87130},"lr":0,"_runtime":87130,"val/acc":0.949594356261023,"_step":99,"_timestamp":1.77080130321134e+09}